model,attribute_being_scored,Uniform,UCB,Variance
llama-3-1-8b,complexity,0.2716244073386931,0.2680773249738766,0.1924242424242424
gpt-4.1-nano,complexity,0.3207070707070707,0.2451612903225806,0.24080459770114926
llama-3-1-8b,correctness,0.35040055729710895,0.17483660130718967,0.17637504614248778
gpt-4.1-nano,correctness,0.38435374149659873,0.1985441903416807,0.17763361136855127
llama-3-1-8b,helpfulness,0.2863636363636365,0.22299578059071745,0.1864035087719298
gpt-4.1-nano,helpfulness,0.22074829931972784,0.21309523809523823,0.17773891982434709
llama-3-1-8b,verbosity,0.3982993197278911,0.3408554572271385,0.22516447368421066
gpt-4.1-nano,verbosity,0.28877551020408165,0.20414078674948222,0.17187432403201397
