model,attribute_being_scored,UCB,Uniform,Variance
llama-3-1-8b,complexity,0.76,0.868888888888889,0.9222222222222222
gpt-4.1-nano,complexity,0.9555555555555555,0.9222222222222222,0.9395402298850575
llama-3-1-8b,correctness,0.9618390804597702,0.8755555555555556,0.6299999999999999
gpt-4.1-nano,correctness,0.8044444444444444,0.931111111111111,0.6134798534798533
llama-3-1-8b,helpfulness,0.8466666666666667,0.828888888888889,0.8816666666666666
gpt-4.1-nano,helpfulness,1.2094444444444445,0.8014814814814815,0.5877777777777775
llama-3-1-8b,verbosity,1.2311111111111113,1.102222222222222,0.838034188034188
gpt-4.1-nano,verbosity,0.888888888888889,1.0,0.928888888888889
