model,attribute_being_scored,Uniform,UCB,Variance
llama-3-1-8b,complexity,0.26443619872191304,0.21108258118062034,0.20878346289844102
gpt-4.1-nano,complexity,0.2738115852401566,0.32057644110275685,0.22773109243697479
llama-3-1-8b,correctness,0.2922564135372018,0.25654829189590045,0.1926129132689641
gpt-4.1-nano,correctness,0.3068027210884353,0.2083090002403268,0.20682086167800434
llama-3-1-8b,helpfulness,0.2831993403421975,0.28666666666666657,0.21718162950348568
gpt-4.1-nano,helpfulness,0.29326530612244905,0.23517241379310355,0.15970731707317087
llama-3-1-8b,verbosity,0.3966934652648938,0.316870458975722,0.22840854061193058
gpt-4.1-nano,verbosity,0.3024201195629768,0.3037584755294193,0.1945044384201707
